/about /about/index.html 200
/revision-plan /revision-plan/index.html 200
/math-plan /math-plan/index.html 200
/science-plan /science-plan/index.html 200
/english-plan /english-plan/index.html 200
/faq /faq/index.html 200
/privacy /privacy/index.html 200
/* /index.html 200
